time,percentage,average_percentage,minimum,maximum
n/a,n/a,50.34444444444444,8.0,92.0
0.0,92.0,,,
0.5006458759307861,92.0,,,
1.0015530586242676,92.0,,,
1.5022778511047363,92.0,,,
2.002838373184204,92.0,,,
2.5035178661346436,92.0,,,
3.0040476322174072,92.0,,,
3.5045576095581055,92.0,,,
4.005419015884399,92.0,,,
4.506667375564575,92.0,,,
5.007116317749023,92.0,,,
5.507664918899536,92.0,,,
6.008310317993164,92.0,,,
6.509113788604736,92.0,,,
7.009598970413208,92.0,,,
7.511688709259033,92.0,,,
8.012163877487183,92.0,,,
8.513164043426514,92.0,,,
9.013288021087646,92.0,,,
9.514302015304565,92.0,,,
10.014326333999634,92.0,,,
10.515066862106323,92.0,,,
11.015589475631714,92.0,,,
11.516180515289307,92.0,,,
12.016722679138184,92.0,,,
12.517200469970703,92.0,,,
13.017711162567139,92.0,,,
13.518443584442139,92.0,,,
14.01900839805603,92.0,,,
14.519609928131104,92.0,,,
15.020434141159058,92.0,,,
15.52137303352356,92.0,,,
16.02198839187622,92.0,,,
16.52270770072937,92.0,,,
17.02487301826477,92.0,,,
17.52540874481201,92.0,,,
18.026103973388672,92.0,,,
18.526838302612305,92.0,,,
19.027331352233887,92.0,,,
19.5322687625885,92.0,,,
20.03296136856079,92.0,,,
20.533434867858887,92.0,,,
21.033949613571167,92.0,,,
21.534422874450684,92.0,,,
22.034993886947632,92.0,,,
22.53655195236206,92.0,,,
23.037622690200806,92.0,,,
23.538230419158936,92.0,,,
24.038758039474487,92.0,,,
24.53953528404236,92.0,,,
25.040603637695312,92.0,,,
25.541110038757324,92.0,,,
26.04170036315918,92.0,,,
26.54323720932007,92.0,,,
27.044825077056885,91.0,,,
27.545325994491577,91.0,,,
28.045855283737183,91.0,,,
28.546813249588013,91.0,,,
29.047712087631226,91.0,,,
29.548338651657104,91.0,,,
30.048844814300537,91.0,,,
30.549383640289307,91.0,,,
31.050375938415527,90.0,,,
31.550321578979492,90.0,,,
32.050920248031616,90.0,,,
32.551735401153564,90.0,,,
33.05221104621887,90.0,,,
33.552754163742065,90.0,,,
34.0533287525177,90.0,,,
34.55383110046387,90.0,,,
35.054495096206665,90.0,,,
35.55514097213745,90.0,,,
36.057132959365845,90.0,,,
36.55765151977539,90.0,,,
37.05808639526367,89.0,,,
37.55860352516174,89.0,,,
38.05923342704773,89.0,,,
38.56019854545593,89.0,,,
39.06052112579346,89.0,,,
39.56131076812744,89.0,,,
40.061842918395996,89.0,,,
40.56247091293335,89.0,,,
41.06361126899719,89.0,,,
41.56372022628784,89.0,,,
42.065985441207886,88.0,,,
42.56644821166992,88.0,,,
43.06697177886963,88.0,,,
43.56774640083313,88.0,,,
44.06844139099121,88.0,,,
44.56898880004883,88.0,,,
45.06950926780701,88.0,,,
45.57007694244385,88.0,,,
46.07065749168396,88.0,,,
46.57117295265198,88.0,,,
47.07169270515442,88.0,,,
47.572973012924194,88.0,,,
48.0735068321228,88.0,,,
48.57488441467285,88.0,,,
49.075613021850586,87.0,,,
49.57637667655945,87.0,,,
50.07704949378967,87.0,,,
50.577767848968506,87.0,,,
51.078407287597656,87.0,,,
51.57912015914917,87.0,,,
52.07999563217163,87.0,,,
52.580562591552734,87.0,,,
53.0811493396759,87.0,,,
53.581846714019775,87.0,,,
54.08246731758118,87.0,,,
54.58315896987915,87.0,,,
55.083906173706055,87.0,,,
55.58458685874939,87.0,,,
56.085331439971924,86.0,,,
56.58628249168396,86.0,,,
57.086973667144775,86.0,,,
57.58782601356506,86.0,,,
58.088382959365845,86.0,,,
58.589017152786255,86.0,,,
59.08955264091492,86.0,,,
59.590031147003174,86.0,,,
60.09057593345642,86.0,,,
60.59115171432495,86.0,,,
61.09175658226013,86.0,,,
61.59254503250122,86.0,,,
62.09325432777405,86.0,,,
62.59428071975708,86.0,,,
63.094849586486816,85.0,,,
63.59551024436951,85.0,,,
64.09642338752747,85.0,,,
64.59708619117737,85.0,,,
65.09766912460327,85.0,,,
65.59822297096252,85.0,,,
66.09882521629333,85.0,,,
66.59946346282959,85.0,,,
67.09999060630798,85.0,,,
67.60050702095032,85.0,,,
68.10127925872803,85.0,,,
68.60182499885559,85.0,,,
69.10254693031311,85.0,,,
69.60308265686035,85.0,,,
70.10366678237915,84.0,,,
70.60433745384216,84.0,,,
71.10499310493469,84.0,,,
71.6062524318695,84.0,,,
72.10684037208557,84.0,,,
72.60838389396667,84.0,,,
73.10903358459473,84.0,,,
73.61047029495239,84.0,,,
74.11109375953674,84.0,,,
74.61182475090027,84.0,,,
75.11249566078186,84.0,,,
75.6130678653717,84.0,,,
76.11355710029602,84.0,,,
76.61411333084106,84.0,,,
77.11475610733032,84.0,,,
77.615651845932,84.0,,,
78.11641454696655,83.0,,,
78.61698937416077,83.0,,,
79.11763310432434,83.0,,,
79.61855053901672,83.0,,,
80.11914324760437,83.0,,,
80.62020468711853,83.0,,,
81.12068748474121,83.0,,,
81.62121200561523,83.0,,,
82.1216824054718,83.0,,,
82.62213659286499,83.0,,,
83.12255024909973,83.0,,,
83.62384700775146,83.0,,,
84.12451767921448,83.0,,,
84.6250741481781,83.0,,,
85.12568306922913,82.0,,,
85.62790703773499,82.0,,,
86.12981605529785,82.0,,,
86.63038778305054,82.0,,,
87.1312906742096,82.0,,,
87.6319351196289,82.0,,,
88.13248682022095,82.0,,,
88.63305830955505,82.0,,,
89.13365530967712,82.0,,,
89.6343150138855,82.0,,,
90.13509559631348,82.0,,,
90.63560700416565,82.0,,,
91.13622260093689,82.0,,,
91.63679933547974,82.0,,,
92.13735580444336,82.0,,,
92.63794755935669,82.0,,,
93.13895559310913,81.0,,,
93.63957357406616,81.0,,,
94.14202809333801,81.0,,,
94.642582654953,81.0,,,
95.14323377609253,81.0,,,
95.64374303817749,81.0,,,
96.14431810379028,81.0,,,
96.64506697654724,81.0,,,
97.14563059806824,81.0,,,
97.64665913581848,81.0,,,
98.14719939231873,81.0,,,
98.64776182174683,81.0,,,
99.14868259429932,81.0,,,
99.6488835811615,81.0,,,
100.1494255065918,81.0,,,
100.64994549751282,81.0,,,
101.15065288543701,81.0,,,
101.65124225616455,81.0,,,
102.15182089805603,81.0,,,
102.65324783325195,81.0,,,
103.15535616874695,80.0,,,
103.65606093406677,80.0,,,
104.1567063331604,80.0,,,
104.65721225738525,80.0,,,
105.15781092643738,80.0,,,
105.65840435028076,80.0,,,
106.15903520584106,80.0,,,
106.65955543518066,80.0,,,
107.1601870059967,80.0,,,
107.66108894348145,80.0,,,
108.16135549545288,80.0,,,
108.66185307502747,80.0,,,
109.1623797416687,80.0,,,
109.66315054893494,80.0,,,
110.16394662857056,80.0,,,
110.66455149650574,80.0,,,
111.1651840209961,80.0,,,
111.66580486297607,80.0,,,
112.16632533073425,80.0,,,
112.66760897636414,80.0,,,
113.16816854476929,79.0,,,
113.66964888572693,79.0,,,
114.17143821716309,79.0,,,
114.67215085029602,79.0,,,
115.17318892478943,79.0,,,
115.67376637458801,79.0,,,
116.17429852485657,79.0,,,
116.67554807662964,79.0,,,
117.17603945732117,78.0,,,
117.67681193351746,78.0,,,
118.17741346359253,78.0,,,
118.67797446250916,78.0,,,
119.17849659919739,78.0,,,
119.67915630340576,78.0,,,
120.17964196205139,78.0,,,
120.68032479286194,78.0,,,
121.18104290962219,78.0,,,
121.6815595626831,78.0,,,
122.18218398094177,78.0,,,
122.68376111984253,78.0,,,
123.1843523979187,78.0,,,
123.68488574028015,78.0,,,
124.18559861183167,77.0,,,
124.68609571456909,77.0,,,
125.18676328659058,77.0,,,
125.68734669685364,77.0,,,
126.18809127807617,77.0,,,
126.68862771987915,77.0,,,
127.19061303138733,77.0,,,
127.69147419929504,77.0,,,
128.1920130252838,77.0,,,
128.69250392913818,77.0,,,
129.19311594963074,77.0,,,
129.69371843338013,77.0,,,
130.19429302215576,77.0,,,
130.69502305984497,77.0,,,
131.19571185112,77.0,,,
131.69624733924866,77.0,,,
132.1968502998352,77.0,,,
132.69734811782837,77.0,,,
133.1977686882019,76.0,,,
133.69872546195984,76.0,,,
134.19942545890808,76.0,,,
134.70010447502136,76.0,,,
135.20080733299255,76.0,,,
135.70151662826538,76.0,,,
136.2021028995514,76.0,,,
136.70264720916748,76.0,,,
137.2032425403595,76.0,,,
137.70380187034607,76.0,,,
138.2042863368988,76.0,,,
138.70480465888977,76.0,,,
139.2060022354126,76.0,,,
139.70750379562378,76.0,,,
140.20815086364746,76.0,,,
140.7101547718048,76.0,,,
141.21162962913513,76.0,,,
141.7123191356659,76.0,,,
142.2137451171875,76.0,,,
142.71432209014893,76.0,,,
143.2148814201355,75.0,,,
143.7161717414856,75.0,,,
144.21671557426453,75.0,,,
144.7172429561615,75.0,,,
145.21775007247925,75.0,,,
145.71841645240784,75.0,,,
146.2191276550293,75.0,,,
146.7197287082672,75.0,,,
147.22040128707886,75.0,,,
147.72091388702393,75.0,,,
148.22135376930237,75.0,,,
148.72181129455566,75.0,,,
149.22220134735107,74.0,,,
149.7228343486786,74.0,,,
150.22342896461487,74.0,,,
150.72414684295654,74.0,,,
151.2247178554535,74.0,,,
151.7253520488739,74.0,,,
152.22616267204285,74.0,,,
152.72668623924255,74.0,,,
153.22754669189453,74.0,,,
153.72808814048767,74.0,,,
154.22859287261963,74.0,,,
154.72912120819092,74.0,,,
155.22963643074036,74.0,,,
155.73023509979248,74.0,,,
156.23085951805115,74.0,,,
156.7318365573883,74.0,,,
157.2324459552765,73.0,,,
157.7330436706543,73.0,,,
158.23349595069885,73.0,,,
158.73417282104492,73.0,,,
159.23470616340637,73.0,,,
159.73526406288147,73.0,,,
160.23593187332153,73.0,,,
160.73641276359558,73.0,,,
161.23716044425964,73.0,,,
161.73764753341675,73.0,,,
162.23822927474976,73.0,,,
162.7388937473297,73.0,,,
163.23949027061462,73.0,,,
163.74023365974426,73.0,,,
164.2407283782959,73.0,,,
164.7412531375885,73.0,,,
165.24174427986145,72.0,,,
165.74239897727966,72.0,,,
166.243022441864,72.0,,,
166.7436122894287,72.0,,,
167.244309425354,72.0,,,
167.744891166687,72.0,,,
168.24544215202332,72.0,,,
168.7460126876831,72.0,,,
169.2464804649353,72.0,,,
169.74710059165955,72.0,,,
170.24784302711487,72.0,,,
170.74844694137573,72.0,,,
171.24902892112732,72.0,,,
171.75104212760925,72.0,,,
172.25153732299805,71.0,,,
172.75219631195068,71.0,,,
173.25270080566406,71.0,,,
173.75322675704956,71.0,,,
174.25375604629517,71.0,,,
174.75456380844116,71.0,,,
175.25511717796326,71.0,,,
175.75571823120117,71.0,,,
176.25643301010132,71.0,,,
176.75726580619812,71.0,,,
177.258056640625,71.0,,,
177.75854802131653,71.0,,,
178.25909209251404,71.0,,,
178.75972437858582,71.0,,,
179.26033926010132,71.0,,,
179.7608926296234,71.0,,,
180.26167941093445,70.0,,,
180.76216864585876,70.0,,,
181.26261973381042,70.0,,,
181.7632441520691,70.0,,,
182.26368689537048,70.0,,,
182.76415085792542,70.0,,,
183.26620936393738,70.0,,,
183.76675748825073,70.0,,,
184.26723313331604,70.0,,,
184.76775932312012,70.0,,,
185.26839351654053,70.0,,,
185.76951932907104,70.0,,,
186.27015829086304,70.0,,,
186.7717478275299,70.0,,,
187.27233290672302,70.0,,,
187.77286863327026,69.0,,,
188.27346110343933,69.0,,,
188.77411913871765,69.0,,,
189.27472519874573,69.0,,,
189.77543187141418,69.0,,,
190.27610540390015,69.0,,,
190.77724480628967,69.0,,,
191.2776734828949,69.0,,,
191.77813005447388,69.0,,,
192.27865862846375,69.0,,,
192.7791986465454,69.0,,,
193.2797610759735,69.0,,,
193.7803976535797,69.0,,,
194.28120279312134,69.0,,,
194.7819516658783,69.0,,,
195.2826051712036,68.0,,,
195.78323364257812,68.0,,,
196.28372025489807,68.0,,,
196.7842195034027,68.0,,,
197.2846131324768,68.0,,,
197.7851960659027,68.0,,,
198.28637027740479,68.0,,,
198.78692388534546,68.0,,,
199.28752183914185,68.0,,,
199.78825306892395,68.0,,,
200.28880643844604,68.0,,,
200.78927946090698,68.0,,,
201.29016280174255,68.0,,,
201.79104161262512,68.0,,,
202.29130268096924,68.0,,,
202.7919635772705,68.0,,,
203.29258561134338,68.0,,,
203.793114900589,67.0,,,
204.2941517829895,67.0,,,
204.79471111297607,67.0,,,
205.29533052444458,67.0,,,
205.79602932929993,67.0,,,
206.29810190200806,67.0,,,
206.79855060577393,67.0,,,
207.300439119339,67.0,,,
207.80094957351685,67.0,,,
208.30161452293396,67.0,,,
208.8030879497528,67.0,,,
209.30466485023499,67.0,,,
209.8051164150238,67.0,,,
210.30571246147156,66.0,,,
210.80641722679138,66.0,,,
211.3075292110443,66.0,,,
211.80830717086792,66.0,,,
212.309063911438,66.0,,,
212.80954098701477,66.0,,,
213.31126308441162,66.0,,,
213.81185674667358,66.0,,,
214.31309413909912,66.0,,,
214.8135871887207,66.0,,,
215.31409239768982,66.0,,,
215.8146116733551,66.0,,,
216.31522393226624,66.0,,,
216.81583452224731,65.0,,,
217.31650829315186,65.0,,,
217.81710481643677,65.0,,,
218.31764793395996,65.0,,,
218.81828546524048,65.0,,,
219.3188831806183,65.0,,,
219.81949853897095,65.0,,,
220.32026505470276,65.0,,,
220.82159638404846,65.0,,,
221.32214426994324,65.0,,,
221.82259225845337,65.0,,,
222.3232524394989,65.0,,,
222.82390809059143,65.0,,,
223.32454252243042,65.0,,,
223.82523369789124,65.0,,,
224.32570791244507,65.0,,,
224.82647490501404,64.0,,,
225.3271131515503,64.0,,,
225.8277611732483,64.0,,,
226.32838463783264,64.0,,,
226.8290627002716,64.0,,,
227.32969403266907,64.0,,,
227.83087754249573,64.0,,,
228.33170294761658,64.0,,,
228.8322410583496,64.0,,,
229.33285641670227,64.0,,,
229.83433151245117,64.0,,,
230.3349313735962,64.0,,,
230.83553981781006,64.0,,,
231.33617901802063,64.0,,,
231.83673453330994,64.0,,,
232.33750748634338,64.0,,,
232.838228225708,63.0,,,
233.3388888835907,63.0,,,
233.83942818641663,63.0,,,
234.34016823768616,63.0,,,
234.8406331539154,63.0,,,
235.34114837646484,63.0,,,
235.84221839904785,63.0,,,
236.34269189834595,63.0,,,
236.84335088729858,63.0,,,
237.3440580368042,63.0,,,
237.8448269367218,63.0,,,
238.3455011844635,63.0,,,
238.84624361991882,62.0,,,
239.34676837921143,62.0,,,
239.84730863571167,62.0,,,
240.34807872772217,62.0,,,
240.8486545085907,62.0,,,
241.34927010536194,62.0,,,
241.85002899169922,62.0,,,
242.35066890716553,62.0,,,
242.85337233543396,62.0,,,
243.35396885871887,62.0,,,
243.85471296310425,62.0,,,
244.35510396957397,62.0,,,
244.8556022644043,62.0,,,
245.35615372657776,62.0,,,
245.85694193840027,62.0,,,
246.35759854316711,62.0,,,
246.85824584960938,61.0,,,
247.35870265960693,61.0,,,
247.8592483997345,61.0,,,
248.36002397537231,61.0,,,
248.86058831214905,61.0,,,
249.36112189292908,61.0,,,
249.86164331436157,61.0,,,
250.36227369308472,61.0,,,
250.86301159858704,61.0,,,
251.36350870132446,61.0,,,
251.86419868469238,61.0,,,
252.36476516723633,61.0,,,
252.86542677879333,60.0,,,
253.3659543991089,60.0,,,
253.86662888526917,60.0,,,
254.36720156669617,60.0,,,
254.86799478530884,60.0,,,
255.36921453475952,60.0,,,
255.86982703208923,60.0,,,
256.3707015514374,60.0,,,
256.871328830719,60.0,,,
257.37200021743774,60.0,,,
257.8725423812866,60.0,,,
258.3731212615967,60.0,,,
258.8735647201538,60.0,,,
259.3741648197174,60.0,,,
259.87466835975647,60.0,,,
260.3757538795471,60.0,,,
260.8763806819916,59.0,,,
261.37700963020325,59.0,,,
261.87759470939636,59.0,,,
262.37824034690857,59.0,,,
262.8788049221039,59.0,,,
263.3795168399811,59.0,,,
263.88020515441895,59.0,,,
264.3806393146515,59.0,,,
264.8811526298523,59.0,,,
265.38196325302124,59.0,,,
265.882497549057,59.0,,,
266.3830842971802,59.0,,,
266.88356494903564,59.0,,,
267.38407492637634,59.0,,,
267.8845114707947,58.0,,,
268.385009765625,58.0,,,
268.8855299949646,58.0,,,
269.38604068756104,58.0,,,
269.8868315219879,58.0,,,
270.3874032497406,58.0,,,
270.88815116882324,58.0,,,
271.3888738155365,58.0,,,
271.889545917511,58.0,,,
272.3901607990265,58.0,,,
272.89083886146545,58.0,,,
273.3913791179657,58.0,,,
273.892564535141,57.0,,,
274.3931450843811,57.0,,,
274.89358735084534,57.0,,,
275.394159078598,57.0,,,
275.8947353363037,57.0,,,
276.39531087875366,57.0,,,
276.8959481716156,57.0,,,
277.3967077732086,57.0,,,
277.8972899913788,57.0,,,
278.3978979587555,57.0,,,
278.8984389305115,57.0,,,
279.39900040626526,57.0,,,
279.8995451927185,57.0,,,
280.4001467227936,57.0,,,
280.90058612823486,57.0,,,
281.40116596221924,57.0,,,
281.9017176628113,57.0,,,
282.40266466140747,57.0,,,
282.90382862091064,56.0,,,
283.40435123443604,56.0,,,
283.90497636795044,56.0,,,
284.4054625034332,56.0,,,
284.90598487854004,56.0,,,
285.406455039978,56.0,,,
285.90708684921265,56.0,,,
286.4076871871948,56.0,,,
286.90823912620544,56.0,,,
287.4087378978729,56.0,,,
287.9093208312988,56.0,,,
288.4100568294525,56.0,,,
288.91071939468384,56.0,,,
289.41120743751526,56.0,,,
289.91172075271606,56.0,,,
290.4122385978699,56.0,,,
290.912957906723,55.0,,,
291.41346526145935,55.0,,,
291.91409254074097,55.0,,,
292.41464829444885,55.0,,,
292.9153382778168,55.0,,,
293.4160330295563,55.0,,,
293.91680932044983,55.0,,,
294.4173355102539,55.0,,,
294.9177532196045,55.0,,,
295.4184548854828,55.0,,,
295.91903352737427,55.0,,,
296.41953706741333,55.0,,,
296.9201171398163,55.0,,,
297.4206395149231,55.0,,,
297.92135787010193,54.0,,,
298.4220335483551,54.0,,,
298.9229202270508,54.0,,,
299.4236328601837,54.0,,,
299.9242811203003,54.0,,,
300.42489767074585,54.0,,,
300.92551589012146,54.0,,,
301.4260869026184,54.0,,,
301.9266941547394,54.0,,,
302.4274694919586,54.0,,,
302.9279487133026,54.0,,,
303.42839527130127,54.0,,,
303.9288766384125,53.0,,,
304.429399728775,53.0,,,
304.93006777763367,53.0,,,
305.4306139945984,53.0,,,
305.93130111694336,53.0,,,
306.43188548088074,53.0,,,
306.9325301647186,53.0,,,
307.4330677986145,53.0,,,
307.9336612224579,53.0,,,
308.4342141151428,53.0,,,
308.93556571006775,53.0,,,
309.4371087551117,53.0,,,
309.9376380443573,52.0,,,
310.43821692466736,52.0,,,
310.93879890441895,52.0,,,
311.4396483898163,52.0,,,
311.940993309021,52.0,,,
312.44151997566223,52.0,,,
312.94207644462585,52.0,,,
313.44255447387695,52.0,,,
313.9431321620941,52.0,,,
314.4436948299408,52.0,,,
314.9443211555481,52.0,,,
315.4451084136963,52.0,,,
315.9457354545593,52.0,,,
316.446515083313,52.0,,,
316.94714403152466,51.0,,,
317.44775652885437,51.0,,,
317.94840693473816,51.0,,,
318.449001789093,51.0,,,
318.949435710907,51.0,,,
319.44986748695374,51.0,,,
319.95034980773926,51.0,,,
320.4514904022217,51.0,,,
320.95221734046936,51.0,,,
321.4530005455017,51.0,,,
321.95370078086853,51.0,,,
322.45421743392944,51.0,,,
322.9547290802002,51.0,,,
323.4552366733551,51.0,,,
323.95579767227173,50.0,,,
324.4563338756561,50.0,,,
324.9572687149048,50.0,,,
325.45777106285095,50.0,,,
325.9583339691162,50.0,,,
326.4588112831116,50.0,,,
326.95936036109924,50.0,,,
327.4598116874695,50.0,,,
327.9602437019348,50.0,,,
328.4607274532318,50.0,,,
328.96127128601074,49.0,,,
329.46182775497437,49.0,,,
329.96235609054565,49.0,,,
330.4628131389618,49.0,,,
330.9634087085724,49.0,,,
331.4642333984375,49.0,,,
331.96501541137695,49.0,,,
332.46551728248596,49.0,,,
332.9664649963379,49.0,,,
333.4670579433441,49.0,,,
333.96754789352417,49.0,,,
334.46809458732605,49.0,,,
334.96898889541626,49.0,,,
335.46960043907166,49.0,,,
335.97042655944824,49.0,,,
336.4712986946106,49.0,,,
336.97198247909546,49.0,,,
337.4726188182831,49.0,,,
337.9733612537384,49.0,,,
338.47399377822876,49.0,,,
338.97475147247314,49.0,,,
339.475501537323,49.0,,,
339.9763422012329,48.0,,,
340.47692680358887,48.0,,,
340.9774627685547,48.0,,,
341.47806882858276,48.0,,,
341.97882747650146,48.0,,,
342.48064136505127,48.0,,,
342.98108172416687,48.0,,,
343.48175144195557,48.0,,,
343.98243713378906,48.0,,,
344.4837534427643,48.0,,,
344.9844388961792,48.0,,,
345.4850769042969,48.0,,,
345.985538482666,47.0,,,
346.4859938621521,47.0,,,
346.98657059669495,47.0,,,
347.48717999458313,47.0,,,
347.98774576187134,47.0,,,
348.4884240627289,47.0,,,
348.9891405105591,47.0,,,
349.4899024963379,47.0,,,
349.9906759262085,47.0,,,
350.4912326335907,47.0,,,
350.99177408218384,47.0,,,
351.4923040866852,47.0,,,
351.99283719062805,46.0,,,
352.4934461116791,46.0,,,
352.9942469596863,46.0,,,
353.49484848976135,46.0,,,
353.99558901786804,46.0,,,
354.4961247444153,46.0,,,
354.99746203422546,46.0,,,
355.49817752838135,46.0,,,
355.9986524581909,45.0,,,
356.499228477478,45.0,,,
356.9997253417969,45.0,,,
357.50036573410034,45.0,,,
358.0011179447174,45.0,,,
358.50237226486206,45.0,,,
359.0029261112213,45.0,,,
359.50354647636414,45.0,,,
360.00407242774963,45.0,,,
360.5045578479767,45.0,,,
361.00501441955566,45.0,,,
361.50583052635193,45.0,,,
362.0061504840851,45.0,,,
362.50681233406067,45.0,,,
363.0074129104614,45.0,,,
363.5080819129944,45.0,,,
364.0086557865143,45.0,,,
364.50922656059265,45.0,,,
365.0097692012787,45.0,,,
365.51021552085876,45.0,,,
366.010764837265,44.0,,,
366.5113399028778,44.0,,,
367.01189827919006,44.0,,,
367.51251792907715,44.0,,,
368.0130820274353,44.0,,,
368.5136709213257,44.0,,,
369.0141980648041,44.0,,,
369.5154004096985,44.0,,,
370.0155038833618,44.0,,,
370.51618790626526,44.0,,,
371.0182771682739,44.0,,,
371.52062129974365,44.0,,,
372.0211012363434,44.0,,,
372.52177476882935,44.0,,,
373.02232456207275,44.0,,,
373.524071931839,44.0,,,
374.0249352455139,43.0,,,
374.5260055065155,43.0,,,
375.0265474319458,43.0,,,
375.52703857421875,43.0,,,
376.02758049964905,43.0,,,
376.52816462516785,43.0,,,
377.02864050865173,43.0,,,
377.5291385650635,43.0,,,
378.0296564102173,42.0,,,
378.5302929878235,42.0,,,
379.03167963027954,42.0,,,
379.53268027305603,42.0,,,
380.0341708660126,42.0,,,
380.534814119339,42.0,,,
381.0353889465332,42.0,,,
381.53608536720276,42.0,,,
382.0376064777374,42.0,,,
382.53817796707153,42.0,,,
383.03953289985657,42.0,,,
383.54023599624634,42.0,,,
384.0407705307007,41.0,,,
384.54130697250366,41.0,,,
385.0418417453766,41.0,,,
385.54249358177185,41.0,,,
386.0431168079376,41.0,,,
386.5437033176422,41.0,,,
387.04424023628235,41.0,,,
387.544796705246,41.0,,,
388.0467994213104,40.0,,,
388.54736256599426,40.0,,,
389.04790902137756,40.0,,,
389.54853653907776,40.0,,,
390.0490996837616,40.0,,,
390.5495581626892,40.0,,,
391.0501968860626,40.0,,,
391.5508155822754,40.0,,,
392.0513460636139,40.0,,,
392.5521035194397,40.0,,,
393.0527572631836,40.0,,,
393.55329608917236,40.0,,,
394.053827047348,40.0,,,
394.55435013771057,40.0,,,
395.05506587028503,40.0,,,
395.55548763275146,40.0,,,
396.05600214004517,40.0,,,
396.55667877197266,40.0,,,
397.05720472335815,40.0,,,
397.55780148506165,40.0,,,
398.0585386753082,40.0,,,
398.55948758125305,40.0,,,
399.0601575374603,40.0,,,
399.5606710910797,40.0,,,
400.0615077018738,40.0,,,
400.56210494041443,40.0,,,
401.06285071372986,40.0,,,
401.56362533569336,40.0,,,
402.06433844566345,39.0,,,
402.5649645328522,39.0,,,
403.0654881000519,39.0,,,
403.566041469574,39.0,,,
404.06662344932556,39.0,,,
404.56730031967163,39.0,,,
405.0677661895752,38.0,,,
405.5683104991913,38.0,,,
406.06891417503357,38.0,,,
406.56969141960144,38.0,,,
407.07037591934204,38.0,,,
407.57112741470337,38.0,,,
408.0718505382538,38.0,,,
408.57253432273865,38.0,,,
409.07311272621155,38.0,,,
409.5736036300659,38.0,,,
410.07420682907104,38.0,,,
410.57476472854614,38.0,,,
411.07528376579285,38.0,,,
411.57576870918274,38.0,,,
412.07618021965027,38.0,,,
412.5768253803253,38.0,,,
413.0774829387665,37.0,,,
413.5781407356262,37.0,,,
414.0796275138855,37.0,,,
414.5801327228546,37.0,,,
415.08056712150574,37.0,,,
415.5810670852661,37.0,,,
416.0816230773926,37.0,,,
416.5821497440338,37.0,,,
417.08267855644226,36.0,,,
417.5832998752594,36.0,,,
418.0838689804077,36.0,,,
418.58446884155273,36.0,,,
419.08517622947693,36.0,,,
419.58565640449524,36.0,,,
420.0862064361572,36.0,,,
420.586820602417,36.0,,,
421.0873851776123,35.0,,,
421.5880250930786,35.0,,,
422.08851623535156,35.0,,,
422.58910608291626,35.0,,,
423.0897252559662,35.0,,,
423.59042620658875,35.0,,,
424.09111046791077,35.0,,,
424.59163546562195,35.0,,,
425.09218525886536,35.0,,,
425.5937557220459,35.0,,,
426.09432578086853,35.0,,,
426.59483194351196,35.0,,,
427.095401763916,35.0,,,
427.595908164978,35.0,,,
428.0964152812958,34.0,,,
428.5969982147217,34.0,,,
429.0979700088501,34.0,,,
429.5985035896301,34.0,,,
430.0991322994232,34.0,,,
430.59963274002075,34.0,,,
431.100182056427,34.0,,,
431.6024839878082,34.0,,,
432.1030864715576,34.0,,,
432.60364151000977,34.0,,,
433.10418486595154,34.0,,,
433.6046597957611,34.0,,,
434.1052713394165,34.0,,,
434.6071627140045,34.0,,,
435.1080358028412,34.0,,,
435.6084928512573,34.0,,,
436.1090397834778,34.0,,,
436.6095521450043,34.0,,,
437.1101059913635,33.0,,,
437.61054515838623,33.0,,,
438.11108684539795,33.0,,,
438.6115288734436,33.0,,,
439.11201310157776,33.0,,,
439.61246824264526,33.0,,,
440.11300802230835,33.0,,,
440.613511800766,33.0,,,
441.1140320301056,33.0,,,
441.614625453949,33.0,,,
442.1153450012207,33.0,,,
442.6158027648926,33.0,,,
443.1163876056671,32.0,,,
443.61697363853455,32.0,,,
444.11744141578674,32.0,,,
444.61819648742676,32.0,,,
445.11860370635986,32.0,,,
445.61918807029724,32.0,,,
446.1196756362915,32.0,,,
446.620329618454,32.0,,,
447.12094497680664,31.0,,,
447.6216037273407,31.0,,,
448.12212467193604,31.0,,,
448.6228244304657,31.0,,,
449.1233251094818,31.0,,,
449.6238307952881,31.0,,,
450.1244399547577,31.0,,,
450.625107049942,31.0,,,
451.12562084198,31.0,,,
451.62626099586487,31.0,,,
452.1270537376404,31.0,,,
452.6279058456421,31.0,,,
453.12853026390076,30.0,,,
453.62905263900757,30.0,,,
454.129695892334,30.0,,,
454.6303594112396,30.0,,,
455.1308591365814,30.0,,,
455.6321506500244,30.0,,,
456.13268303871155,30.0,,,
456.6332929134369,30.0,,,
457.1379895210266,30.0,,,
457.6386778354645,30.0,,,
458.1393873691559,30.0,,,
458.6400990486145,30.0,,,
459.1406252384186,30.0,,,
459.64115166664124,30.0,,,
460.14162826538086,29.0,,,
460.6420910358429,29.0,,,
461.1425852775574,29.0,,,
461.64323830604553,29.0,,,
462.1439480781555,29.0,,,
462.64451360702515,29.0,,,
463.145183801651,29.0,,,
463.6458930969238,29.0,,,
464.1465058326721,28.0,,,
464.6471869945526,28.0,,,
465.14794158935547,28.0,,,
465.64854288101196,28.0,,,
466.1492590904236,28.0,,,
466.6499972343445,28.0,,,
467.1506173610687,28.0,,,
467.65127325057983,28.0,,,
468.15192103385925,28.0,,,
468.65247440338135,28.0,,,
469.1531195640564,28.0,,,
469.6537091732025,28.0,,,
470.154664516449,28.0,,,
470.65661215782166,28.0,,,
471.157386302948,28.0,,,
471.65817761421204,28.0,,,
472.15845680236816,28.0,,,
472.6590714454651,28.0,,,
473.1597170829773,27.0,,,
473.66042709350586,27.0,,,
474.16097593307495,27.0,,,
474.66149520874023,27.0,,,
475.16225028038025,27.0,,,
475.66273951530457,27.0,,,
476.1633574962616,27.0,,,
476.6638388633728,27.0,,,
477.16431188583374,27.0,,,
477.6649589538574,27.0,,,
478.16546058654785,26.0,,,
478.6659770011902,26.0,,,
479.166512966156,26.0,,,
479.66819643974304,26.0,,,
480.1687169075012,26.0,,,
480.66919589042664,26.0,,,
481.1712579727173,26.0,,,
481.6729097366333,26.0,,,
482.1734073162079,25.0,,,
482.67465233802795,25.0,,,
483.17624521255493,25.0,,,
483.6773934364319,25.0,,,
484.178423166275,25.0,,,
484.678923368454,25.0,,,
485.1793723106384,24.0,,,
485.67990350723267,24.0,,,
486.1803946495056,24.0,,,
486.6809039115906,24.0,,,
487.1813442707062,24.0,,,
487.6819088459015,24.0,,,
488.18262362480164,24.0,,,
488.68315076828003,24.0,,,
489.1836588382721,24.0,,,
489.6842288970947,24.0,,,
490.18474888801575,23.0,,,
490.6853766441345,23.0,,,
491.1859121322632,23.0,,,
491.68636775016785,23.0,,,
492.1868953704834,23.0,,,
492.6874372959137,23.0,,,
493.18808579444885,23.0,,,
493.6885507106781,23.0,,,
494.1891119480133,23.0,,,
494.6897327899933,23.0,,,
495.19032740592957,23.0,,,
495.6909432411194,23.0,,,
496.19145226478577,23.0,,,
496.6922070980072,23.0,,,
497.1928927898407,23.0,,,
497.6936945915222,23.0,,,
498.1943163871765,23.0,,,
498.6949601173401,23.0,,,
499.1957428455353,23.0,,,
499.6964340209961,23.0,,,
500.197297334671,22.0,,,
500.6980049610138,22.0,,,
501.1984438896179,22.0,,,
501.6989884376526,22.0,,,
502.19946026802063,22.0,,,
502.700989484787,22.0,,,
503.20147013664246,22.0,,,
503.70199179649353,22.0,,,
504.202556848526,22.0,,,
504.70321440696716,22.0,,,
505.2038073539734,22.0,,,
505.70444655418396,22.0,,,
506.20503401756287,22.0,,,
506.7057683467865,22.0,,,
507.2067325115204,21.0,,,
507.70705580711365,21.0,,,
508.2094695568085,21.0,,,
508.7116117477417,21.0,,,
509.21207571029663,21.0,,,
509.71250557899475,21.0,,,
510.21318674087524,21.0,,,
510.7136290073395,21.0,,,
511.21456694602966,20.0,,,
511.71489810943604,20.0,,,
512.2153646945953,20.0,,,
512.7159156799316,20.0,,,
513.2165086269379,20.0,,,
513.7170534133911,20.0,,,
514.2175762653351,20.0,,,
514.7182602882385,20.0,,,
515.2189245223999,20.0,,,
515.719429731369,20.0,,,
516.219954252243,20.0,,,
516.720639705658,20.0,,,
517.221333026886,20.0,,,
517.7218248844147,20.0,,,
518.2225229740143,19.0,,,
518.7231323719025,19.0,,,
519.2236950397491,19.0,,,
519.724292755127,19.0,,,
520.2249760627747,19.0,,,
520.7255158424377,19.0,,,
521.2261552810669,19.0,,,
521.7270290851593,19.0,,,
522.227686882019,19.0,,,
522.7291469573975,19.0,,,
523.2306942939758,18.0,,,
523.7315909862518,18.0,,,
524.2325367927551,18.0,,,
524.7331092357635,18.0,,,
525.2336776256561,18.0,,,
525.7341451644897,18.0,,,
526.2351982593536,18.0,,,
526.7357931137085,18.0,,,
527.2362539768219,18.0,,,
527.736793756485,18.0,,,
528.2373504638672,17.0,,,
528.7381501197815,17.0,,,
529.2386841773987,17.0,,,
529.7395570278168,17.0,,,
530.240199804306,17.0,,,
530.7417554855347,17.0,,,
531.2422194480896,17.0,,,
531.7427005767822,17.0,,,
532.2432563304901,17.0,,,
532.743932723999,17.0,,,
533.244466304779,16.0,,,
533.7450032234192,16.0,,,
534.2454874515533,16.0,,,
534.7463722229004,16.0,,,
535.2470979690552,16.0,,,
535.7478699684143,16.0,,,
536.2486505508423,16.0,,,
536.749192237854,16.0,,,
537.2498049736023,16.0,,,
537.7504601478577,16.0,,,
538.251172542572,16.0,,,
538.7516541481018,16.0,,,
539.2522542476654,16.0,,,
539.7528364658356,16.0,,,
540.2534968852997,16.0,,,
540.7540998458862,16.0,,,
541.2546694278717,16.0,,,
541.7552621364594,16.0,,,
542.2558083534241,16.0,,,
542.7563791275024,16.0,,,
543.2569081783295,16.0,,,
543.7575261592865,16.0,,,
544.2581932544708,16.0,,,
544.7587251663208,15.0,,,
545.259307384491,15.0,,,
545.7598912715912,15.0,,,
546.2606029510498,15.0,,,
546.7624695301056,15.0,,,
547.2629470825195,15.0,,,
547.7633891105652,15.0,,,
548.2643918991089,15.0,,,
548.7653613090515,15.0,,,
549.2659029960632,15.0,,,
549.7664034366608,15.0,,,
550.267484664917,14.0,,,
550.7680671215057,14.0,,,
551.2685763835907,14.0,,,
551.7692456245422,14.0,,,
552.2697155475616,14.0,,,
552.7703325748444,14.0,,,
553.2709038257599,14.0,,,
553.7719638347626,14.0,,,
554.2725944519043,14.0,,,
554.7731573581696,14.0,,,
555.2736396789551,14.0,,,
555.7742922306061,14.0,,,
556.2748792171478,14.0,,,
556.7754154205322,14.0,,,
557.2761390209198,13.0,,,
557.7772574424744,13.0,,,
558.2777495384216,13.0,,,
558.7782878875732,13.0,,,
559.2788441181183,13.0,,,
559.7795088291168,13.0,,,
560.2799816131592,13.0,,,
560.7804183959961,13.0,,,
561.2808971405029,13.0,,,
561.7814407348633,13.0,,,
562.2820825576782,13.0,,,
562.7825632095337,13.0,,,
563.2831974029541,13.0,,,
563.7838053703308,13.0,,,
564.2843930721283,13.0,,,
564.7850246429443,13.0,,,
565.2855262756348,13.0,,,
565.7861783504486,13.0,,,
566.2867345809937,12.0,,,
566.7873587608337,12.0,,,
567.2879621982574,12.0,,,
567.78844165802,11.0,,,
568.2890956401825,11.0,,,
568.7896797657013,11.0,,,
569.2903966903687,11.0,,,
569.7928674221039,11.0,,,
570.2952172756195,11.0,,,
570.795725107193,11.0,,,
571.2962799072266,11.0,,,
571.796982049942,11.0,,,
572.2975401878357,11.0,,,
572.7981038093567,10.0,,,
573.2987215518951,10.0,,,
573.799311876297,10.0,,,
574.3000004291534,10.0,,,
574.8007233142853,10.0,,,
575.301310300827,10.0,,,
575.8030025959015,10.0,,,
576.3034024238586,10.0,,,
576.8038308620453,10.0,,,
577.3045904636383,10.0,,,
577.8051917552948,10.0,,,
578.3057301044464,10.0,,,
578.8062644004822,10.0,,,
579.3069684505463,10.0,,,
579.8075742721558,9.0,,,
580.3081774711609,9.0,,,
580.8090870380402,9.0,,,
581.3097949028015,9.0,,,
581.8103709220886,9.0,,,
582.3109781742096,9.0,,,
582.8116431236267,9.0,,,
583.3130123615265,9.0,,,
583.8135640621185,9.0,,,
584.3143379688263,9.0,,,
584.81507396698,9.0,,,
585.3159124851227,9.0,,,
585.8167591094971,9.0,,,
586.3174917697906,9.0,,,
586.8181126117706,9.0,,,
587.3187470436096,9.0,,,
587.8193979263306,9.0,,,
588.3200430870056,9.0,,,
588.8216843605042,9.0,,,
589.32208776474,9.0,,,
589.8225412368774,9.0,,,
590.3230783939362,9.0,,,
590.8235487937927,9.0,,,
591.3241305351257,9.0,,,
591.8246314525604,9.0,,,
592.3252182006836,9.0,,,
592.8264691829681,9.0,,,
593.3269896507263,9.0,,,
593.827431678772,9.0,,,
594.3280830383301,9.0,,,
594.8285927772522,9.0,,,
595.3292951583862,9.0,,,
595.8298082351685,9.0,,,
596.3303706645966,9.0,,,
596.8308849334717,9.0,,,
597.3313708305359,9.0,,,
597.8320908546448,9.0,,,
598.3325476646423,9.0,,,
598.833104133606,9.0,,,
599.333662033081,9.0,,,
599.8342671394348,9.0,,,
600.3349347114563,9.0,,,
600.8355956077576,9.0,,,
601.33624958992,9.0,,,
601.8367657661438,9.0,,,
602.3373999595642,9.0,,,
602.8380281925201,9.0,,,
603.3388392925262,9.0,,,
603.839471578598,9.0,,,
604.3401877880096,9.0,,,
604.8412411212921,9.0,,,
605.3430585861206,9.0,,,
605.8435015678406,9.0,,,
606.3443276882172,9.0,,,
606.8448221683502,9.0,,,
607.3454346656799,9.0,,,
607.846301317215,9.0,,,
608.3465394973755,9.0,,,
608.847128868103,9.0,,,
609.3476412296295,9.0,,,
609.8482050895691,9.0,,,
610.3489925861359,9.0,,,
623.3694272041321,9.0,,,
623.8702957630157,8.0,,,
624.3708438873291,8.0,,,
624.8714334964752,8.0,,,
625.3720550537109,8.0,,,
625.8727068901062,8.0,,,
626.3733870983124,8.0,,,
626.8739929199219,8.0,,,
627.3744423389435,8.0,,,
627.8752241134644,8.0,,,
628.3757364749908,8.0,,,
628.8763248920441,8.0,,,
629.3768131732941,8.0,,,
629.8775224685669,8.0,,,
630.3781826496124,8.0,,,
630.8788344860077,8.0,,,
634.8609638214111,8.0,,,
635.3616051673889,8.0,,,
635.8622653484344,8.0,,,
636.3627507686615,8.0,,,
636.8637139797211,8.0,,,
637.3643474578857,8.0,,,
637.8650777339935,8.0,,,
638.3656530380249,8.0,,,
638.8661699295044,8.0,,,
639.3666877746582,8.0,,,
639.8673882484436,8.0,,,
640.3682351112366,8.0,,,
640.868640422821,8.0,,,
641.369134426117,8.0,,,
641.8698225021362,8.0,,,
642.3703556060791,8.0,,,
642.8710379600525,8.0,,,
643.3715722560883,8.0,,,
643.8721945285797,8.0,,,
644.3726410865784,8.0,,,
644.8731696605682,8.0,,,
645.3737645149231,8.0,,,
645.8743505477905,8.0,,,
646.3748939037323,8.0,,,
